0, 0, 9.762014849671452, 0.0
0.009802919515834656, 0.005659734224937795, 9.762014849671452, 0.05
0.01959915387518376, 0.011315608762065318, 9.761533911421708, 0.1
0.029402223656411472, 0.016975420456988684, 9.761200828146182, 0.15000000000000002
0.039194651988040535, 0.02262908257392167, 9.760531507150581, 0.2
0.04899385259393204, 0.028286646967455472, 9.759952057420387, 0.25
0.05880749125508817, 0.033952534735480336, 9.759793487091416, 0.30000000000000004
0.06862320669563753, 0.0396196114187405, 9.759974246049987, 0.35000000000000003
0.07844076422161102, 0.045287746621590935, 9.759760460343582, 0.4
0.08826161371110017, 0.05095777095498123, 9.759623981268113, 0.45
0.09807528973062662, 0.05662365066514809, 9.75911424501746, 0.5
0.1078975274909163, 0.062294463398179414, 9.758812156451219, 0.55
0.11772483950421853, 0.06796819346681304, 9.758948911590451, 0.6000000000000001
0.12755398325437822, 0.0736429655431751, 9.758758058206606, 0.65
0.13737202585355873, 0.07931131117526127, 9.75812696185011, 0.7000000000000001
0.14717436030739256, 0.08497057604951005, 9.757189619420886, 0.75
0.1569828295812098, 0.09063337168087984, 9.756305166830165, 0.8
0.16679509541130944, 0.09629835081878449, 9.755443835174123, 0.8500000000000001
0.17662738867472247, 0.10197487480205683, 9.754915344710016, 0.9
0.18646599903506303, 0.10765502484228412, 9.75449764815613, 0.9500000000000001
0.1963090468930049, 0.11333771403682347, 9.754147246238977, 1.0
0.20615907107894912, 0.11902440251993578, 9.75407556015857, 1.05
0.21600886352450951, 0.12471093516534795, 9.754348189244192, 1.1
0.22586342014469385, 0.1304001916174576, 9.754235654549523, 1.1500000000000001
0.23572024235501807, 0.13609073179635262, 9.75436803903408, 1.2000000000000002
0.24558036740271297, 0.14178315655696103, 9.754383493548813, 1.25
0.2554398072099262, 0.14747516977079597, 9.754686078071806, 1.3
0.2653046168859712, 0.15317026457083277, 9.754540310005606, 1.35
0.2751728779171523, 0.15886733183981558, 9.754608764741539, 1.4000000000000001
0.28504365838525825, 0.16456584262744217, 9.754724579799857, 1.4500000000000002
0.29491702873839915, 0.17026584657148688, 9.754598238373086, 1.5
0.30479352198954945, 0.1759676582813272, 9.754585806438676, 1.55
0.31467205262500114, 0.18167064762150817, 9.754674325335149, 1.6
0.3245415662983825, 0.18736842942293586, 9.7552300792957, 1.6500000000000001
0.3344211778311279, 0.1930720468835187, 9.75555380011169, 1.7000000000000002
0.344306769539626, 0.19877912239965034, 9.755452023052504, 1.75
0.35419384436552054, 0.20448706563638092, 9.755254959943398, 1.8
0.3640850024034369, 0.21019737404736055, 9.755247686185609, 1.85
0.3739775765267237, 0.21590851446410322, 9.755423698568839, 1.9000000000000001
0.38387330732472424, 0.2216214893847468, 9.755535633358535, 1.9500000000000002
0.393769188776606, 0.22733456620147557, 9.75525758873302, 2.0
0.4036694737977919, 0.2330502059372876, 9.755443395643416, 2.0500000000000003
0.41356869097309645, 0.23876525436468946, 9.755807554170785, 2.1
0.4234673366445531, 0.24447999833026024, 9.75627757378103, 2.15
0.4333702088383015, 0.2501972039246793, 9.756701282743338, 2.2
0.4432722601364628, 0.25591394838683246, 9.757219114609333, 2.25
0.45316561532021277, 0.26162569150746456, 9.757969577028042, 2.3000000000000003
0.46305352971229624, 0.2673343146442818, 9.758847392962517, 2.35
0.47294676082546133, 0.27304601959614727, 9.759683874752936, 2.4000000000000004
0.4828319993110436, 0.27875311381165596, 9.760673775871288, 2.45
0.4927343214893968, 0.2844700719705935, 9.761448980696397, 2.5
0.5026256707019972, 0.2901807039916, 9.762431570832446, 2.5500000000000003
0.5124909127129328, 0.2958762735172207, 9.763746244280059, 2.6
0.5223906154135154, 0.30159174591163224, 9.7646898104226, 2.6500000000000004
0.5323176850141926, 0.30732302009697493, 9.765173011933623, 2.7
0.5422556925086012, 0.3130606183399916, 9.765295609837217, 2.75
0.5521935283245596, 0.3187981218171373, 9.76559084248091, 2.8000000000000003
0.5621349575947834, 0.32453770031546525, 9.765834107526004, 2.85
0.5720667694857438, 0.3302717244679638, 9.766450425298597, 2.9000000000000004
0.5819998242471773, 0.33600645916866023, 9.767090626350488, 2.95
0.5919480329768788, 0.34174992915198826, 9.767366873036973, 3.0
0.6018883146037941, 0.3474888052597625, 9.76796271633692, 3.0500000000000003
0.6118240082660723, 0.3532250176778578, 9.768699241817, 3.1
0.6217791256975307, 0.35897242350098385, 9.768996840195017, 3.1500000000000004
0.6317373858779559, 0.3647216304610082, 9.769247851553496, 3.2
0.6416902625096773, 0.3704677114967219, 9.769763794786977, 3.25
0.6516424764327386, 0.37621338756696904, 9.770348866262985, 3.3000000000000003
0.6615865066091535, 0.38195431022286713, 9.77113735655398, 3.35
0.6715523799961959, 0.38770780794672777, 9.771453872089838, 3.4000000000000004
0.6815080713000593, 0.39345539515170247, 9.772109645096942, 3.45
0.6914619830951532, 0.3992019194121895, 9.772841810945003, 3.5
0.7014241042982485, 0.404953139468394, 9.773458508963662, 3.5500000000000003
0.7113947380645351, 0.4107092288085166, 9.773918316710578, 3.6
0.7213677927359051, 0.41646667172028845, 9.774366616855447, 3.6500000000000004
0.7313377665196293, 0.4222222912679488, 9.774951271552489, 3.7
0.7413160809977575, 0.42798267709752397, 9.775368020680496, 3.75
0.7512882705965708, 0.433739472290302, 9.775991233817733, 3.8000000000000003
0.7612758360185004, 0.4395050812541269, 9.776157066619268, 3.85
0.7712618035140367, 0.44526970647602776, 9.77649986790797, 3.9000000000000004
0.7812440875523474, 0.45103213837948347, 9.777011301068747, 3.95
0.7912295426301612, 0.45679634158673404, 9.777485701074866, 4.0
0.801218403118374, 0.46256245187785167, 9.777917367946133, 4.05
0.8111863145419683, 0.4683164138860071, 9.778811125882715, 4.1000000000000005
0.8211671580137735, 0.4740777810507726, 9.779526289465343, 4.15
0.831117449306556, 0.4798214429678897, 9.780703108381639, 4.2
0.8410931101605711, 0.485579672467506, 9.781584900962514, 4.25
0.8510578330517197, 0.4913315190769261, 9.782652697538703, 4.3
0.8610420643646158, 0.49709456291960685, 9.783484531833599, 4.3500000000000005
0.8709958664439265, 0.5028399700692754, 9.784739563323743, 4.4
0.8809340879800985, 0.5085763058902725, 9.786174429711776, 4.45
0.8908571479747323, 0.5143038073600079, 9.787765629400807, 4.5
0.9008248989626172, 0.5200570275368902, 9.788956579744339, 4.55
0.9107484587253368, 0.5257846705949342, 9.79058667064111, 4.6000000000000005
0.9207243847150761, 0.5315424604621576, 9.791743864391554, 4.65
0.9306756375637049, 0.5372859312888549, 9.79318276391759, 4.7
0.9406692269406719, 0.5430537583785265, 9.794193821541016, 4.75
0.9506284169369872, 0.5488016445385476, 9.795613598342724, 4.800000000000001
0.9606006740849692, 0.5545569882572365, 9.796935389736923, 4.8500000000000005
0.9705338493339845, 0.5602896974404913, 9.798628790569747, 4.9
0.9804796384899144, 0.5660296059903763, 9.80024572049252, 4.95
0.9904019882161833, 0.5717559038037113, 9.802065598659604, 5.0
1.000333913117215, 0.5774876388663533, 9.803835525617508, 5.050000000000001
1.0102378258639018, 0.5832031112875831, 9.805823349408493, 5.1000000000000005
1.0202079693167216, 0.5889567122217811, 9.807331417193538, 5.15
1.0301809899861922, 0.5947118839254798, 9.808840814274703, 5.2
1.0401470104748238, 0.6004629275912072, 9.810435396312453, 5.25
1.050085251644209, 0.6061978527954134, 9.812268125322765, 5.300000000000001
1.0600495606182387, 0.6119477326820485, 9.81392651535461, 5.3500000000000005
1.069977897261529, 0.6176767630757789, 9.815873072309813, 5.4
1.0798934532015512, 0.6233983281090748, 9.817924489280417, 5.45
1.0898007693889207, 0.6291150554082826, 9.820046162939132, 5.5
1.0996826404763165, 0.6348170187236082, 9.822336878870528, 5.550000000000001
1.1096183573035776, 0.6405499655167973, 9.824312706059988, 5.6000000000000005
1.1195878601169578, 0.646302330110489, 9.826067909481583, 5.65
1.1296002335140123, 0.6520793475838746, 9.827485798769688, 5.7
1.139576161023374, 0.6578352586789793, 9.829233168387544, 5.75
1.1495810695700903, 0.6636078105931428, 9.830766930412263, 5.800000000000001
1.159533354538609, 0.6693499160307657, 9.832723626117025, 5.8500000000000005
1.1695157107533405, 0.6751092906041567, 9.834487129059001, 5.9
1.1795060056641253, 0.6808731600258122, 9.836213978806196, 5.95
1.189551280215108, 0.6866686570683019, 9.837476151082642, 6.0
1.1995914906548095, 0.6924611444063015, 9.838820980226528, 6.050000000000001
1.2096545924749968, 0.698266755043257, 9.839949839967838, 6.1000000000000005
1.2197140667182058, 0.7040701923882778, 9.841153765515493, 6.15
1.2297440779950388, 0.7098565521803232, 9.842676917225482, 6.2
1.2397190793869264, 0.7156111023834036, 9.84464328168822, 6.25
1.2497339371061604, 0.7213885790076473, 9.846342010121955, 6.300000000000001
1.259763198705794, 0.7271742986360311, 9.847949253318838, 6.3500000000000005
1.2698224924871682, 0.732977285370119, 9.849313674506757, 6.4
1.2798801417246717, 0.738779267429791, 9.850723210370337, 6.45
1.2899492752942363, 0.7445878114178941, 9.852051387372905, 6.5
1.2999746242827723, 0.750371043607322, 9.853788128943652, 6.550000000000001
1.3100443732059097, 0.7561798346722526, 9.855169154911684, 6.6000000000000005
1.320138768392212, 0.7620027895478618, 9.85631993305692, 6.65
1.3302586044717457, 0.7678403704857301, 9.857167395653134, 6.7
1.340375452706942, 0.773676187224294, 9.858101620584138, 6.75
1.350487458487452, 0.7795091607270738, 9.8591382140089, 6.800000000000001
1.3606130726702854, 0.7853499315415048, 9.86002101188999, 6.8500000000000005
1.3707148922741066, 0.7911769273559318, 9.861241600546114, 6.9
1.3808263008127397, 0.7970094078808999, 9.86238060369509, 6.95
1.3909092794492777, 0.8028254347519848, 9.86383882516968, 7.0
1.4010150969342372, 0.8086545896398452, 9.865093422407762, 7.050000000000001
1.4111495433846681, 0.8145002118284316, 9.866025469294234, 7.1000000000000005
1.4212608974820462, 0.8203324767966984, 9.867273116246876, 7.15
1.4313623122927348, 0.8261589728691874, 9.868646504240104, 7.2
1.4414493672289197, 0.8319771592049605, 9.870175627076536, 7.25
1.4515493139280349, 0.8378027596572479, 9.871610250672017, 7.300000000000001
1.4616884967752959, 0.8436509708912548, 9.872641541902716, 7.3500000000000005
1.4718142227121211, 0.8494913990278983, 9.873860796650916, 7.4
1.4819745081173787, 0.8553517436162389, 9.874644776962983, 7.45
1.4921449463447158, 0.8612179315548593, 9.8752832865177, 7.5
1.50230864324473, 0.8670802190662253, 9.876095079286356, 7.550000000000001
1.5124588505790286, 0.8729347177416183, 9.877138617520869, 7.6000000000000005
1.5225695590525112, 0.8787664213942277, 9.878627146297715, 7.65
1.5327240819585752, 0.8846233821907423, 9.879673446290775, 7.7
1.542866657752864, 0.8904734363685672, 9.8808878701886, 7.75
1.5530132051511099, 0.8963257712350149, 9.882079688475535, 7.800000000000001
1.5631840565709325, 0.9021921061746191, 9.882984020902201, 7.8500000000000005
1.5733183475854395, 0.9080373437087678, 9.884349719053159, 7.9
1.5834201984572855, 0.913863864147898, 9.886023017904524, 7.95
1.5935206824408814, 0.9196895860440654, 9.887723971400431, 8.0
1.603638026913134, 0.9255250146614891, 9.8893018641326, 8.05
1.6137970420655214, 0.9313844608654074, 9.890491455692885, 8.1
1.6239885252620256, 0.9372626178540864, 9.891255976256257, 8.15
1.634181704383472, 0.9431417426912877, 9.892019440181159, 8.200000000000001
1.6443933304485872, 0.9490315051264094, 9.892368998217995, 8.25
1.6546093157622896, 0.9549237730547683, 9.892571493381489, 8.3
1.6648280393069086, 0.9608176150380892, 9.892474533651328, 8.35
1.6750400695589833, 0.9667075955226051, 9.891990648908273, 8.4
1.6852514928325948, 0.9725972207138582, 9.891444100588158, 8.450000000000001
1.6954680863863492, 0.9784898233712611, 9.890987181281124, 8.5
1.7056669649447378, 0.9843721969699368, 9.890127096236666, 8.55
1.7158635263136046, 0.9902532309716631, 9.88920574053435, 8.6
1.7260734718281419, 0.9961419785785492, 9.888473285647153, 8.65
1.7362762993952299, 1.0020266234904565, 9.887589147448438, 8.700000000000001
1.7464891444995956, 1.007917056205712, 9.886841629328908, 8.75
1.7567207196874963, 1.0138183019968807, 9.886519790541522, 8.8
1.7669456638361782, 1.0197157257887899, 9.885933034941608, 8.85
1.777153062789632, 1.0256030316696438, 9.884991189062104, 8.9
1.787333132033549, 1.031474570365788, 9.88368945440003, 8.950000000000001
1.797535248846087, 1.0373588153302, 9.88261166979487, 9.0
1.807761108842606, 1.0432567355537192, 9.881847629515804, 9.05
1.8180021136194076, 1.049163366903936, 9.88136017572904, 9.1
1.8282542051813608, 1.055076375395105, 9.881353010728892, 9.15
1.8385054658070703, 1.060988886648676, 9.881065768642445, 9.200000000000001
1.8487603388104314, 1.0669034568840157, 9.880843786237662, 9.25
1.8590168159241662, 1.0728189360108125, 9.881106534010689, 9.3
1.8692667986577371, 1.0787306543687127, 9.881666578968808, 9.35
1.8795074129615625, 1.0846369574937524, 9.882461001330615, 9.4
1.8897341956089204, 1.0905352763265275, 9.883494297460896, 9.450000000000001
1.8999261213281675, 1.096413490963121, 9.884934654630866, 9.5
1.9101227007518857, 1.102294381085716, 9.88634924558084, 9.55
1.9203349468005504, 1.1081843080279306, 9.887626133115104, 9.600000000000001
1.9305575977310068, 1.1140802280794884, 9.888809958829585, 9.65
1.9407775317841747, 1.119974575169663, 9.890045310465977, 9.700000000000001
1.950966186724981, 1.1258508822970335, 9.891602476094905, 9.75
1.9612030777544398, 1.1317550096179412, 9.892681601483371, 9.8
1.9714514580691438, 1.137665770102309, 9.893634621805118, 9.850000000000001
1.9817142451536225, 1.1435848430563804, 9.894390061067964, 9.9
1.9919704788068051, 1.1495001450872637, 9.895290083250213, 9.950000000000001
2.0022112465722537, 1.1554065323452827, 9.896425499839356, 10.0
2.0124849786040246, 1.1613319367287458, 9.897091575702873, 10.05
2.022768146264005, 1.1672627841557692, 9.89758093346652, 10.100000000000001
2.033029343428381, 1.1731809558471065, 9.898529184947133, 10.15
2.043309335545155, 1.179109961582285, 9.89919669140836, 10.200000000000001
2.053565181071373, 1.185025035018871, 9.900274576938736, 10.25
2.063834551631141, 1.1909479078517031, 9.901191927502493, 10.3
2.074115231097511, 1.196877293123715, 9.90195544380885, 10.350000000000001
2.0844057328534666, 1.2028123274671425, 9.902564039943679, 10.4
2.094707861587281, 1.2087540522918605, 9.902897807757439, 10.450000000000001
2.105000590688865, 1.2146903343009692, 9.903555715351489, 10.5
2.1153045687646266, 1.220633080586015, 9.903991251751908, 10.55
2.125616839725488, 1.2265805847494011, 9.90415198066113, 10.600000000000001
2.1359266655159077, 1.2325266600318432, 9.90454494415554, 10.65
2.1462411335292724, 1.2384753990881976, 9.904845589890881, 10.700000000000001
2.15655641725479, 1.2444245909679106, 9.905203742849562, 10.75
2.166878217969103, 1.250377517895833, 9.905121785289635, 10.8
2.1772020350417063, 1.256331585517119, 9.905239555017882, 10.850000000000001
2.187524268833044, 1.2622847258867045, 9.905592163958431, 10.9
2.1978508686979406, 1.2682403669820714, 9.90585887497312, 10.950000000000001
2.2081799761344882, 1.2741974413480899, 9.906129021318513, 11.0
2.2185119664066173, 1.2801561657919407, 9.906389051377564, 11.05
2.228848884134883, 1.2861177242517912, 9.906460205874605, 11.100000000000001
2.239187262283244, 1.2920801189290212, 9.906271670222536, 11.15
2.2495270309509516, 1.2980433185990201, 9.906020073046305, 11.200000000000001
2.259865625095224, 1.3040058493195248, 9.905613218871542, 11.25
2.2701975439299464, 1.3099645444147328, 9.904968228895168, 11.3
2.2805083220781452, 1.315911066998326, 9.903936499401187, 11.350000000000001
2.2908457824972803, 1.3218729890663665, 9.90330978471557, 11.4
2.3011620759045033, 1.3278227075925262, 9.902291323981448, 11.450000000000001
2.311498919727698, 1.3337842853776212, 9.90156406252852, 11.5
2.3218545776044803, 1.3397567259523138, 9.901298548720083, 11.55
2.3322125099553226, 1.3457304918928763, 9.901040088821114, 11.600000000000001
2.3425749548708925, 1.3517068720362875, 9.901009601918787, 11.65
2.352937410238914, 1.3576832600037674, 9.901254005642583, 11.700000000000001
2.3632878222158564, 1.3636527104588478, 9.901927797337207, 11.75
2.37363981307351, 1.3696230839286714, 9.90261760658981, 11.8
2.3840088633955925, 1.375603313105055, 9.902885530828732, 11.850000000000001
2.3943659835456157, 1.3815766867733972, 9.903566447566812, 11.9
2.4046961126205093, 1.3875345173616151, 9.904694384781106, 11.950000000000001
2.4150235422777935, 1.3934908204265894, 9.905882458427286, 12.0
2.425318001273508, 1.3994281399110047, 9.907425533573326, 12.05
2.4355853017482914, 1.4053498268001987, 9.90921101568116, 12.100000000000001
2.4458658168983507, 1.4112791664720346, 9.910911296194223, 12.15
2.456137542609056, 1.4172034650628764, 9.912699178684818, 12.200000000000001
2.4664638015111455, 1.4231592527113843, 9.914028261047141, 12.25
2.4768206098179033, 1.4291327056040033, 9.915025514767551, 12.3
2.4871464138115464, 1.4350883305599063, 9.916409085396742, 12.350000000000001
2.4974364132125513, 1.441023363286109, 9.918129723400163, 12.4
2.507722315649644, 1.4469560856673227, 9.919898958775725, 12.450000000000001
2.5180213676346845, 1.4528964401399902, 9.921579242830648, 12.5
2.5283515476468827, 1.4588547948337338, 9.923002355389517, 12.55
2.5386969507390793, 1.4648219706948058, 9.924291245101129, 12.600000000000001
2.5490728462640155, 1.4708067841468044, 9.925223524002485, 12.65
2.559452012635136, 1.4767935262613845, 9.926132592342446, 12.700000000000001
2.569838937211305, 1.4827847845984048, 9.926947924239778, 12.75
2.5802190158756706, 1.4887721421802171, 9.927899408960938, 12.8
2.5906197840982785, 1.4947714894848865, 9.928516614279363, 12.850000000000001
2.601008924205464, 1.5007641785162047, 9.929382601313032, 12.9
2.6114006598423067, 1.5067584201421296, 9.930232583584504, 12.950000000000001
2.6217807712537393, 1.5127460204462813, 9.931275640765353, 13.0
2.632177544047214, 1.5187432875647187, 9.93209797546628, 13.05
2.6425419559434724, 1.5247219524994526, 9.93337212047255, 13.100000000000001
2.652918518283802, 1.530707683907359, 9.93453105301761, 13.15
2.663303322135459, 1.5366982353653138, 9.935611650724839, 13.200000000000001
2.6736571135558735, 1.5426709721274767, 9.937053513525612, 13.25
2.6840219565616077, 1.5486501523897191, 9.938405861854925, 13.3
2.6943551804552643, 1.5546111705037804, 9.940066464072075, 13.350000000000001
2.7046833077896224, 1.560569320578027, 9.941786477295642, 13.4
2.7150649314420483, 1.5665584045160508, 9.943030600470625, 13.450000000000001
2.7254686362474825, 1.5725603083810407, 9.944034365623168, 13.5
2.7358837855267972, 1.5785689055744212, 9.944906014812986, 13.55
2.7463148625944473, 1.584586791061897, 9.94553138844575, 13.600000000000001
2.75671942031593, 1.59058948208283, 9.946625823219245, 13.65
2.7671500458012996, 1.5966073179485496, 9.94736285261431, 13.700000000000001
2.777593748755952, 1.6026327955553323, 9.947865621088512, 13.75
2.7880296426547826, 1.6086538544957638, 9.948603373241848, 13.8
2.7984578169679675, 1.614670554427508, 9.949513747837768, 13.850000000000001
2.808898386638036, 1.6206945097224041, 9.95025973215523, 13.9
2.8193264240790468, 1.6267113347044728, 9.951248681600067, 13.950000000000001
2.8297782403617013, 1.6327419892251929, 9.951875509173426, 14.0
2.8402033604379247, 1.6387573514460716, 9.952978105907599, 14.05
2.8506471881751665, 1.6447836264446054, 9.953855187559528, 14.100000000000001
2.861087241455025, 1.6508078455987993, 9.954830379384314, 14.15
2.87155401703168, 1.6568475986425208, 9.955361896711203, 14.200000000000001
2.882021389328391, 1.6628878170887518, 9.955950172930063, 14.25
2.892494949729469, 1.668931724908978, 9.956452685601786, 14.3
2.902946891981124, 1.6749632739982323, 9.957419787276168, 14.350000000000001
2.9133990519891495, 1.6809950611484226, 9.958425805302943, 14.4
2.923830921323041, 1.6870152551302489, 9.959714281126201, 14.450000000000001
2.9342766990283127, 1.6930435966239898, 9.960877343127395, 14.5
2.9447392207972016, 1.6990817309221893, 9.961860325447049, 14.55
2.9552103106687158, 1.705124936274146, 9.962760953482684, 14.600000000000001
2.9656540671738654, 1.711152491999959, 9.964046367336664, 14.65
2.9760787281242918, 1.7171691503437012, 9.965551637205461, 14.700000000000001
2.986487733969266, 1.723176902758457, 9.967219084194907, 14.75
2.9968945855949105, 1.729183542839767, 9.96892875714594, 14.8
3.0072516732096006, 1.7351615822412814, 9.971023733762198, 14.850000000000001
3.0175573776607982, 1.7411100816120793, 9.973451648232007, 14.9
3.0278442963319865, 1.7470478646467535, 9.97600045313272, 14.950000000000001
3.0380355861984625, 1.7529305836232967, 9.979033046721797, 15.0
3.048324681692553, 1.758869888241851, 9.981606039267245, 15.05
3.05865213347398, 1.7648314567377112, 9.983985113565552, 15.100000000000001
3.068982427494518, 1.770794798590178, 9.98636783519099, 15.15
3.079347131054345, 1.776778145837201, 9.988564422069015, 15.200000000000001
3.089662216283069, 1.7827329931951073, 9.991071574088267, 15.25
3.0998987472669803, 1.7886426321578244, 9.993993251943367, 15.3
3.1102034082218455, 1.7945917432230627, 9.99659367660903, 15.350000000000001
3.120533351591385, 1.8005556007185994, 9.99907506191366, 15.4
3.130908126100109, 1.8065454888431043, 10.00131224799044, 15.450000000000001
3.1413279365598563, 1.8125615330802427, 10.003270764861384, 15.5
3.1517246820613525, 1.818564413311099, 10.005406110118962, 15.55
3.162187451807752, 1.8246055636183174, 10.007081305778497, 15.600000000000001
3.1726821664419687, 1.8306653150473535, 10.00849510121466, 15.65
3.183174177347142, 1.8367236522576003, 10.009965837799552, 15.700000000000001
3.1936960241556505, 1.8427993565776568, 10.011157709307168, 15.75
3.2042073408299725, 1.8488691118241796, 10.012502012680367, 15.8
3.2147320532732477, 1.854946741076528, 10.013733660397065, 15.850000000000001
3.2252819757264093, 1.861039067480475, 10.01468182118611, 15.9
3.235820873823558, 1.86712515888586, 10.015824366239398, 15.950000000000001
3.2463414563219124, 1.8732008131790294, 10.017209719304597, 16.0
3.2568432693267506, 1.8792657594271027, 10.018804443364248, 16.05
3.267363040490402, 1.8853412162821632, 10.020267353161566, 16.1
3.2779126738194373, 1.8914340533542702, 10.02145218985018, 16.150000000000002
3.2884836568219606, 1.8975393515727836, 10.022405082336839, 16.2
3.2990461014575145, 1.903639849418024, 10.023526921595304, 16.25
3.3095721589285856, 1.909719462891129, 10.025073584122659, 16.3
3.320060582449015, 1.915777470012304, 10.026959607625429, 16.35
3.33049786219706, 1.921806070660728, 10.029216272528405, 16.400000000000002
3.3409840257746533, 1.927863031444206, 10.031175880106636, 16.45
3.3514989086850466, 1.933936714306254, 10.032951560682262, 16.5
3.3620610302937326, 1.9400378253440926, 10.03434431373906, 16.55
3.3726667402614052, 1.9461642589301729, 10.0352532239878, 16.6
3.3832779849660737, 1.95229403227487, 10.036139835072516, 16.650000000000002
3.3939152956603365, 1.9584390053747474, 10.036547060105296, 16.7
3.404541681342623, 1.9645778060963843, 10.037319349924852, 16.75
3.4151736948112457, 1.9707199895054681, 10.038066784088587, 16.8
3.425808377503065, 1.9768638535668404, 10.038844820424075, 16.85
3.4364647987110297, 1.9830204162325948, 10.039174131373276, 16.900000000000002
3.447108691709448, 1.9891698751733082, 10.039939074335726, 16.95
3.457768142699902, 1.9953284626339547, 10.040455779898158, 17.0
3.46844097607384, 2.0014949126507697, 10.040572820719987, 17.05
3.479118585555098, 2.007664252395764, 10.040511062463633, 17.1
3.4897947017732593, 2.0138328671384516, 10.040933170973924, 17.150000000000002
3.500459067164393, 2.01999483451992, 10.041737843478941, 17.2
3.511104772283239, 2.026146154720847, 10.042882855248457, 17.25
3.52173506371936, 2.0322887013337536, 10.044253578737496, 17.3
3.5323709486079227, 2.038434620338676, 10.045613240992902, 17.35
3.5430324775317334, 2.0445955001436134, 10.046732628443705, 17.400000000000002
3.553693243674809, 2.0507560870319668, 10.047920846471929, 17.45
3.5643661261946242, 2.0569238314619533, 10.049016692529532, 17.5
3.5750514696528772, 2.0630989398928206, 10.050005890040962, 17.55
3.5857440392056477, 2.0692783835890127, 10.050955176647793, 17.6
3.5964438309675213, 2.0754621599521763, 10.05185992390931, 17.650000000000002
3.607164956254358, 2.0816584288248268, 10.052434669465969, 17.7
3.617871248118017, 2.0878462835205407, 10.053367211550533, 17.75
3.628587341687743, 2.0940399677997785, 10.054205372531175, 17.8
3.6393022788927194, 2.1002331578832893, 10.055126942714473, 17.85
3.6500225858732946, 2.106429628790075, 10.056027142869178, 17.900000000000002
3.6607215260782993, 2.1126139206721573, 10.057265746714469, 17.95
3.6714121088840392, 2.1187935438039243, 10.058638818078506, 18.0
3.6821439637795828, 2.1249971922843067, 10.05954457199799, 18.05
3.692897228976434, 2.1312133842156444, 10.060114303380045, 18.1
3.7036273271258047, 2.1374163452054455, 10.061166475380864, 18.150000000000002
3.714370859759326, 2.1436272433992785, 10.06208558267957, 18.2
3.7251236186691785, 2.1498436361595283, 10.06292262371907, 18.25
3.735899864647266, 2.156073758081403, 10.063298996436604, 18.3
3.746677675588011, 2.1623049281372215, 10.063761766267897, 18.35
3.7574500095062877, 2.1685330717772153, 10.064465511408615, 18.400000000000002
3.768207510854772, 2.1747527706480674, 10.065488560867458, 18.45
3.778959109946451, 2.180969187894144, 10.066646961548068, 18.5
3.789745225845038, 2.1872056873414376, 10.067336684017837, 18.55
3.8005464384955556, 2.193451032455389, 10.067738045745429, 18.6
3.811332980390193, 2.1996880179540343, 10.06857467351338, 18.650000000000002
3.8221023860821126, 2.205915227238627, 10.069719879743737, 18.7
3.832829554461726, 2.212118149413213, 10.071346725241124, 18.75
3.8435898256117693, 2.2183403530390073, 10.072694603759489, 18.8
3.854370907255766, 2.2245747245574634, 10.073850823438372, 18.85
3.8651240302879293, 2.2307930573330843, 10.075351657896974, 18.900000000000002
3.8758477711982593, 2.236994531979296, 10.077142854754738, 18.95
3.886607396613609, 2.2432168940079884, 10.078658072998296, 19.0
3.8973677802782793, 2.2494398326613907, 10.080205833770814, 19.05
3.908143380499699, 2.255671718517718, 10.081647560081063, 19.1
3.918868415314066, 2.2618745100381195, 10.08355744249475, 19.150000000000002
3.929565728391987, 2.2680614135106065, 10.08569105718548, 19.200000000000003
3.940213532014919, 2.274219819306025, 10.088156527878386, 19.25
3.950917454051657, 2.28041082740177, 10.090299028558308, 19.3
3.96165718818848, 2.286622683725928, 10.092217163659482, 19.35
3.972397971326969, 2.292835272549948, 10.094156195971808, 19.400000000000002
3.983097155034532, 2.2990239337141887, 10.096405938731733, 19.450000000000003
3.993774295374514, 2.30519997707991, 10.098814224683062, 19.5
4.004418216040017, 2.311356946031764, 10.101433460862946, 19.55
4.015035188359371, 2.317498468888677, 10.104215397465314, 19.6
4.025658827435804, 2.3236439979953993, 10.106983194892054, 19.650000000000002
4.036361308453072, 2.3298352920368823, 10.10933423082781, 19.700000000000003
4.047106175339823, 2.3360512688328963, 10.111437915999895, 19.75
4.057842181010965, 2.3422622731533798, 10.113625499782978, 19.8
4.06857577055026, 2.348472031711986, 10.115852431198851, 19.85
4.079248903191929, 2.354646960913837, 10.118459483428412, 19.900000000000002
4.090000603198174, 2.3608674943082684, 10.120617873347749, 19.950000000000003
4.100809294822391, 2.3671211586482714, 10.122387405544814, 20.0
4.111651420290924, 2.3733943194261538, 10.12389664231608, 20.05
4.122513898580088, 2.3796794005606867, 10.12523699964922, 20.1
4.133366256789763, 2.3859587646990255, 10.126721478180814, 20.150000000000002
4.1442026484807535, 2.392229037426224, 10.12838868727912, 20.200000000000003
4.155059642094434, 2.3985113828600477, 10.129902418002734, 20.25
4.165870766100436, 2.4047673321831806, 10.131833739578205, 20.3
4.176631943816433, 2.4109945181046215, 10.134131420405849, 20.35
4.18731863160279, 2.417178743776216, 10.136875101957413, 20.400000000000002
4.1980319376998, 2.4233785097976335, 10.139497844100028, 20.450000000000003
4.2087044578408666, 2.429554800438729, 10.142354484619323, 20.5
4.2192941543500355, 2.4356832870551397, 10.145614603136845, 20.55
4.229908384810979, 2.4418260920003685, 10.148785310321918, 20.6
4.240483998516259, 2.44794666674145, 10.152140775592596, 20.650000000000002
4.251062229640536, 2.4540688687012597, 10.155502040179126, 20.700000000000003
4.261595891283674, 2.4601653931936305, 10.15906076861023, 20.75
4.272266927238276, 2.466341551447195, 10.162042205003045, 20.8
4.282833859086985, 2.4724575803479216, 10.165499791149605, 20.85
4.293481792646078, 2.4786206211410335, 10.168626620600126, 20.900000000000002
4.304039498169223, 2.484731569300549, 10.172154968362198, 20.950000000000003
4.314667753626993, 2.4908834895910346, 10.175406892492928, 21.0
4.325320470303116, 2.497049703008715, 10.178568421121414, 21.05
4.3359111674952855, 2.503180156745843, 10.182014037179306, 21.1
4.346608825252414, 2.509372659991107, 10.185006068571653, 21.150000000000002
4.357318435264241, 2.5155722156113285, 10.187960189440076, 21.200000000000003
4.368020910106486, 2.5217677685162374, 10.190967502624071, 21.25
4.378667710987899, 2.5279312096005584, 10.194245682417677, 21.3
4.389353419136044, 2.5341172815496766, 10.197369070606555, 21.35
4.400041029792014, 2.5403045602427405, 10.200502971767913, 21.400000000000002
4.410724179300755, 2.5464893593579236, 10.203676414583104, 21.450000000000003
4.421389766989576, 2.5526640961782907, 10.20694716533116, 21.5
4.432145273478043, 2.5588909895397527, 10.209820490463917, 21.55
4.442808265988794, 2.565064409771932, 10.213142191468012, 21.6
4.453401299726966, 2.5711974205628745, 10.21676930894925, 21.650000000000002
4.4640709990897705, 2.5773749093371006, 10.220103229050828, 21.700000000000003
4.4746966523166325, 2.5835269828789817, 10.223638615273439, 21.75
4.485393647558065, 2.589720451842256, 10.226894593832604, 21.8
4.496174115192806, 2.5959623506601894, 10.229781900583802, 21.85
4.506989412058597, 2.6022245221484233, 10.23251321491314, 21.900000000000002
4.5177444974740295, 2.6084519451599277, 10.235566987268319, 21.950000000000003
4.528409399176591, 2.614627273252676, 10.23903696703308, 22.0
4.539016704043762, 2.6207693686236957, 10.24275368080449, 22.05
4.549828101313896, 2.6270297695804277, 10.24560249069745, 22.1
4.560580982193126, 2.633256422223587, 10.248756123018856, 22.150000000000002
4.571256998584327, 2.6394387052910746, 10.25226105603519, 22.200000000000003
4.582071025708005, 2.6457010420364275, 10.25517037853027, 22.25
4.592791216557541, 2.6519091650462885, 10.258532677219199, 22.3
4.603631571375683, 2.6581869966347584, 10.261358208890252, 22.35
4.614454979372425, 2.664455125215622, 10.264293593577467, 22.400000000000002
4.625205621568002, 2.6706812222088, 10.267588649835679, 22.450000000000003
4.635992753749527, 2.676928563086194, 10.270743400841264, 22.5
4.64669102831778, 2.683124553730357, 10.274299964689352, 22.55
4.657413762996668, 2.6893348195710565, 10.277778376090398, 22.6
4.668114469309291, 2.6955324380177146, 10.281366564487076, 22.650000000000002
4.678866867036949, 2.7017601132712525, 10.284763364298469, 22.700000000000003
4.689642365468654, 2.7080012835947285, 10.288081803252211, 22.75
4.7003306646824425, 2.7141920629969816, 10.291776331631333, 22.8
4.711130967817944, 2.720447841819116, 10.295027545983112, 22.85
4.721839371972203, 2.726650518379005, 10.298680553946621, 22.900000000000002
4.732733687115305, 2.7329610094115635, 10.301530112566299, 22.950000000000003
4.743600099517898, 2.739255463047231, 10.304542830710355, 23.0
4.753756618507441, 2.745138820895744, 10.307961500072217, 23.05
4.764013960588018, 2.751080704391912, 10.310973036371651, 23.1
4.774321907704909, 2.7570520222203614, 10.313768593849431, 23.150000000000002
4.784610205538229, 2.7630120709815293, 10.316682023976046, 23.200000000000003
4.794869682200923, 2.76895554073984, 10.319749222701908, 23.25
4.805153170979205, 2.774913037483197, 10.322729628807611, 23.3
4.815512504018314, 2.780914589764201, 10.325360763751812, 23.35
4.82589301644604, 2.7869285346415613, 10.327903113252772, 23.400000000000002
4.83625116619921, 2.7929296531211385, 10.330588662752653, 23.450000000000003
4.846532008467241, 2.798886108714586, 10.333665918755276, 23.5
4.856789361501704, 2.804829081793928, 10.336865465316171, 23.55
4.867058411382837, 2.8107789603179936, 10.340034846012388, 23.6
4.877382747354309, 2.8167610046594382, 10.342977404839086, 23.650000000000002
4.887661091823814, 2.8227165334209627, 10.346149309435935, 23.700000000000003
4.898016660203279, 2.8287169391864433, 10.348989457532332, 23.75
4.908440418999253, 2.834756991087183, 10.35150063186983, 23.8
4.918863333591245, 2.8407966825586204, 10.354042354058363, 23.85
4.929327075342942, 2.8468601621993788, 10.356376516598663, 23.900000000000002
4.939804535472439, 2.8529317199044852, 10.358655052121541, 23.950000000000003
4.950241177028462, 2.858979758812363, 10.361195698050174, 24.0
4.960643728346658, 2.8650081688909643, 10.363939296328878, 24.05
4.971102980281271, 2.8710695551956156, 10.366402903916267, 24.1
4.98163752041035, 2.877174692064562, 10.368421690825121, 24.150000000000002
4.9922000051249364, 2.8832961466002094, 10.370266801839318, 24.200000000000003
5.002793774330047, 2.889435855730018, 10.371891311960805, 24.25
5.01337330436419, 2.8955674298875422, 10.373670675529238, 24.3
5.023894659399153, 2.901665411988588, 10.375891751368373, 24.35
5.034481405120366, 2.907801422382947, 10.37768453511064, 24.400000000000002
5.045077970249733, 2.9139432446999356, 10.379434211067421, 24.450000000000003
5.055651531258182, 2.920071861464063, 10.381393227136197, 24.5
5.066166279069087, 2.9261665237822045, 10.383762899398759, 24.55
5.07672681865684, 2.932287867098421, 10.385871162493977, 24.6
5.087306399193619, 2.938420392343712, 10.387877150880366, 24.650000000000002
5.097912877197361, 2.944568656465498, 10.389716812567743, 24.700000000000003
5.108484729006663, 2.9506969909875327, 10.391833868262731, 24.75
5.119085710187138, 2.9568423597352846, 10.393777122071452, 24.8
5.129624365503795, 2.9629517465147726, 10.396154247866557, 24.85
5.1402240245094495, 2.9690966386250435, 10.39816532641049, 24.900000000000002
5.150827131812077, 2.9752436719782236, 10.400180268108416, 24.950000000000003
5.161380864016032, 2.9813622134495845, 10.402541196796511, 25.0
5.171893672890329, 2.987457164752357, 10.40515786745089, 25.05
5.182350934785681, 2.9935200376652045, 10.408077976041588, 25.1
5.1928213832074155, 2.9995906863332134, 10.410955663201953, 25.150000000000002
5.2032462765496765, 3.005635050220555, 10.414066207840348, 25.200000000000003
5.213640681437122, 3.0116618688746266, 10.417329493254496, 25.25
5.224144115121376, 3.0177520301329372, 10.420109010686824, 25.3
5.234662638125968, 3.0238510610510843, 10.42283457015525, 25.35
5.245109729439601, 3.029908799369443, 10.42592552002858, 25.400000000000002
5.2555844629424575, 3.0359826859258616, 10.428909339349037, 25.450000000000003
5.265983886333878, 3.042013014769098, 10.43224532273211, 25.5
5.27643120215612, 3.0480712310204803, 10.435394171989014, 25.55
5.2868846392037225, 3.054133104549552, 10.438534297757474, 25.6
5.297250583472206, 3.0601443485179076, 10.442057057204364, 25.650000000000002
5.307612851845421, 3.0661535766239014, 10.445610748253399, 25.700000000000003
5.318128103474371, 3.072251634833818, 10.448523071621018, 25.75
5.328684679017988, 3.078373772232508, 10.45125108092087, 25.8
5.339213680079589, 3.084480040039913, 10.454138881767395, 25.85
5.349649414216958, 3.0905323285614186, 10.457466324845425, 25.900000000000002
5.360086457725657, 3.096585486598195, 10.460805910491905, 25.950000000000003
5.370518506168946, 3.1026358619916907, 10.46418311095327, 26.0
5.380928241456708, 3.1086734088952794, 10.467667996923813, 26.05
5.39137589779303, 3.1147330689860353, 10.471016051157731, 26.1
5.401763121403579, 3.1207577914880344, 10.474623573146197, 26.150000000000002
5.412338220808733, 3.126891605885519, 10.477429198317497, 26.200000000000003
5.422958364481729, 3.1330516613519754, 10.480020683825716, 26.25
5.433511092647295, 3.139172733517665, 10.482977410233973, 26.3
5.444137717933742, 3.145336794724238, 10.485578520036311, 26.35
5.454829904288125, 3.151539015948331, 10.48781750992167, 26.400000000000002
5.465511382110753, 3.157735156630701, 10.490148270384136, 26.450000000000003
5.476112476721651, 3.1638847904276264, 10.492947567368818, 26.5
5.486641669221219, 3.1699928327744122, 10.496106772386078, 26.55
5.497145941224435, 3.1760865405536434, 10.499391857528211, 26.6
5.5076030559532025, 3.1821530126355646, 10.502887966689286, 26.650000000000002
5.518105295110395, 3.1882457840424876, 10.506215447061113, 26.700000000000003
5.528604025331683, 3.194336636064768, 10.509574132946488, 26.75
5.5392138903305455, 3.2004920852814673, 10.512447515480384, 26.8
5.549882685082345, 3.206681846705578, 10.515035290856217, 26.85
5.560594607437566, 3.2128967509316464, 10.517398320373692, 26.900000000000002
5.5712800565411715, 3.2190964205483152, 10.519939192939688, 26.950000000000003
5.581962321063297, 3.2252943775455862, 10.52252038332597, 27.0
5.592557043555628, 3.231441665582214, 10.525564134015971, 27.05
5.603082733859639, 3.2375490220536642, 10.528928734762815, 27.1
5.613721908081344, 3.2437223461048026, 10.531796151729626, 27.150000000000002
5.624288381050338, 3.249853601076333, 10.535020463489099, 27.200000000000003
5.634906992346346, 3.256015228721905, 10.538025976571669, 27.25
5.6454263742483874, 3.2621193872515724, 10.541483665113853, 27.3
5.655912220656753, 3.268204196660576, 10.545091359017986, 27.35
5.666452524334756, 3.2743207219622428, 10.548497427383408, 27.400000000000002
5.67707449633009, 3.2804847621046402, 10.551564073086565, 27.450000000000003
5.68761379156975, 3.2866009379343097, 10.555007065852303, 27.5
5.698148248461168, 3.2927144223760663, 10.558485480222556, 27.55
5.708813729208539, 3.2989040557696225, 10.561401095878727, 27.6
5.719482675441466, 3.305095821584495, 10.564319027738957, 27.650000000000002
5.730148352672131, 3.311285803996941, 10.567272940891774, 27.700000000000003
5.740838492132866, 3.3174900941322036, 10.570127276385703, 27.75
5.751582247796408, 3.323725602933248, 10.572722096580408, 27.8
5.7622719587211435, 3.329929850707143, 10.575621335384762, 27.85
5.773050382913238, 3.336185695060701, 10.578067178282616, 27.900000000000002
5.783836517513531, 3.342446125610438, 10.580492751417781, 27.950000000000003
5.794552886068324, 3.3486661789708823, 10.58332301953072, 28.0
5.805202710963426, 3.3548477141297934, 10.586490341315242, 28.05
5.815945595892103, 3.361083379910034, 10.589227198922071, 28.1
5.826677579091227, 3.367312842321632, 10.592040941222741, 28.150000000000002
5.837415230644974, 3.373545721763872, 10.594845763084736, 28.200000000000003
5.848102606686798, 3.379749533821097, 10.59791467288957, 28.25
5.858683827272328, 3.3858918481339075, 10.601457399972224, 28.3
5.8692632484379414, 3.392033234926086, 10.605023630220865, 28.35
5.879931553442614, 3.3982263459362745, 10.608234309808033, 28.400000000000002
5.890492064848103, 3.4043570075617198, 10.611906472521143, 28.450000000000003
5.901055782946347, 3.4104896515265426, 10.61558219143426, 28.5
5.911719219592243, 3.4166803108824535, 10.618868386221312, 28.55
5.922372442184938, 3.422865163779294, 10.622216483685689, 28.6
5.933031028079985, 3.4290532496372, 10.625558749151091, 28.650000000000002
5.943712717325885, 3.4352548718475457, 10.628819039835577, 28.700000000000003
5.95432550747559, 3.4414166198400764, 10.632384920249867, 28.75
5.964936671264333, 3.4475775449120274, 10.635975189944814, 28.8
5.975730966197803, 3.4538449311791473, 10.638764665897137, 28.85
5.986595379527859, 3.4601531595456363, 10.641191054661617, 28.900000000000002
5.997468561616179, 3.4664666065377596, 10.643592737591677, 28.950000000000003
6.008315381529252, 3.47276486437638, 10.646175101502596, 29.0
6.019244967350891, 3.479111289258322, 10.648271924960568, 29.05
6.030198817711772, 3.485471922909802, 10.650228529108071, 29.1
6.041122982105588, 3.4918154419431646, 10.65242953878405, 29.150000000000002
6.05201744573171, 3.4981418316333843, 10.654849506104288, 29.200000000000003
6.062951686930238, 3.5044914375291514, 10.657049603441394, 29.25
6.0738178682548325, 3.5108016408258287, 10.659689218838395, 29.3
6.084655137815968, 3.517095178226877, 10.662509466210059, 29.35
6.095480172394083, 3.523381738349907, 10.665417099934603, 29.400000000000002
6.106392804065534, 3.5297192962313932, 10.667876671056451, 29.450000000000003
6.117373024564942, 3.536096236445331, 10.669929412216076, 29.5
6.128405095988558, 3.542503419917484, 10.67161311335023, 29.55
6.1394827503755485, 3.5489372073784913, 10.672891739947215, 29.6
6.1505948869720255, 3.555391160939871, 10.67376523804965, 29.650000000000002
6.161678071369171, 3.561828441404419, 10.675095498105724, 29.700000000000003
6.172794435932411, 3.568285126126399, 10.676059838510906, 29.75
6.183896499130949, 3.574733626610807, 10.677286274604759, 29.8
6.194960292764451, 3.581160022666759, 10.67895409005603, 29.85
6.206070025271075, 3.587613232534617, 10.68020224533432, 29.900000000000002
6.217187679868706, 3.594071181372452, 10.681411378039334, 29.950000000000003
6.227734280952694, 3.6001975493169436, 10.682240215088415, 30.0
6.238289885972619, 3.6063292740515496, 10.682989064876478, 30.05
6.2488543615398555, 3.612466271301357, 10.683655051501253, 30.1
6.2594163341531655, 3.6186019437757553, 10.684462130136392, 30.150000000000002
6.269961311477627, 3.624727863618716, 10.685587700761296, 30.200000000000003
6.280495743537301, 3.630847779383729, 10.68689219513385, 30.25
6.291029679006392, 3.6369675371499817, 10.688252550257996, 30.3
6.301598520435164, 3.6431076958079207, 10.6892509737185, 30.35
6.312194421775992, 3.6492636888422982, 10.68985794536082, 30.400000000000002
6.322803540781645, 3.655427484552789, 10.690212582394889, 30.450000000000003
6.333421442965684, 3.6615965159183785, 10.690275621929551, 30.5
6.344039430516654, 3.6677657349494526, 10.690636175145814, 30.55
6.354650423969797, 3.67393103502676, 10.691315141353352, 30.6
6.365271565558776, 3.6801023737144773, 10.691863792132631, 30.650000000000002
6.375872361694248, 3.6862620367674173, 10.692865268491861, 30.700000000000003
6.386498155247293, 3.692436376769214, 10.693509389245275, 30.75
6.397103360202809, 3.6985989074311063, 10.694568618662004, 30.8
6.407734137720635, 3.7047764539841346, 10.69529106059768, 30.85
6.418375524906104, 3.7109603181498274, 10.695882089733814, 30.900000000000002
6.4289935963596445, 3.71713078719067, 10.69695347089167, 30.950000000000003
6.439603493594872, 3.7232966547127315, 10.698183370582818, 31.0
6.450212921576237, 3.729462391088257, 10.699472546095256, 31.05
6.460824186116662, 3.7356293452138374, 10.700792031611014, 31.1
6.471471653829974, 3.7418174910145763, 10.701710501389712, 31.150000000000002
6.482123573497781, 3.748008368783854, 10.702631520963775, 31.200000000000003
6.492789692579391, 3.7542076493808514, 10.70339161883112, 31.25
6.5034582140471, 3.760408476712704, 10.70419392689509, 31.3
6.514146835661435, 3.7666211372781566, 10.704647729430803, 31.35
6.524847191286047, 3.7728407694875927, 10.704736732089062, 31.400000000000002
6.535551661351834, 3.7790629530688844, 10.704918245632488, 31.450000000000003
6.54625590992974, 3.7852851718895817, 10.705349187778282, 31.5
6.556971660776772, 3.791514234427937, 10.705392412606958, 31.55
6.567689155428766, 3.797744460613418, 10.70569589010308, 31.6
6.578408213574325, 3.803975750973324, 10.70613434922552, 31.650000000000002
6.5891362628340495, 3.8102124190676254, 10.70641768778928, 31.700000000000003
6.599859807193045, 3.8164466231763394, 10.707009453815807, 31.75
6.610599118572195, 3.822690146405749, 10.707194926153365, 31.8
6.62133372001983, 3.8289310868165654, 10.707749790525673, 31.85
6.632062815265722, 3.8351689770189217, 10.708524820515754, 31.900000000000002
6.642788926457209, 3.841405291069024, 10.709432268169753, 31.950000000000003
6.6535135699527785, 3.8476409003124004, 10.710431852149249, 32.0
6.664203665116294, 3.8538565642572022, 10.711888654790187, 32.050000000000004
6.674930971364671, 3.860094000202064, 10.712977853190402, 32.1
6.6856618140278075, 3.866333636157019, 10.714078209637227, 32.15
6.696425068021898, 3.8725922665891113, 10.714717708294316, 32.2
6.707203921214597, 3.8788601201869968, 10.715022256985282, 32.25
6.717988302677617, 3.8851313481279126, 10.715284254706926, 32.300000000000004
6.728774464942049, 3.8914037706478113, 10.715667588841812, 32.35
6.7395672002946005, 3.8976801793210147, 10.715956665875812, 32.4
6.7503665576361245, 3.903960598788238, 10.716093081208324, 32.45
6.761166220964055, 3.9102413566536955, 10.716469467045272, 32.5
6.771975137267371, 3.9165276586911593, 10.716502144487658, 32.550000000000004
6.782788299908916, 3.922816585715198, 10.716437933978339, 32.6
6.793604261540961, 3.929107290498981, 10.716667818314532, 32.65
6.804426054670715, 3.9354015420659425, 10.716555709474452, 32.7
6.815248318072844, 3.941696218556597, 10.716906097567609, 32.75
6.826060430553131, 3.9479851318092405, 10.717642916185415, 32.800000000000004
6.836876947690931, 3.954276741170832, 10.718380998605353, 32.85
6.8476662858629425, 3.9605526792992714, 10.719591699145187, 32.9
6.8584787716448625, 3.9668422098585068, 10.72055419287401, 32.95
6.86927793617504, 3.973124112188429, 10.721754948330313, 33.0
6.880075518272879, 3.9794052189206965, 10.723028523448617, 33.050000000000004
6.890843547685499, 3.9856692591102947, 10.724643993331354, 33.1
6.90161764054333, 3.9919369582456725, 10.72624813095101, 33.15
6.912380306813104, 3.998198149218026, 10.727992612522858, 33.2
6.923084833543281, 4.004425660171093, 10.730194604638578, 33.25
6.933735537933331, 4.010622002770914, 10.732749256272086, 33.300000000000004
6.94434632098356, 4.0167952639671425, 10.735543363270267, 33.35
6.95486738845484, 4.022916476566832, 10.738782577231468, 33.4
6.965348350731306, 4.029014500309059, 10.742212342156577, 33.45
6.975901955831544, 4.03515493756443, 10.745351721126207, 33.5
6.986544289193569, 4.041347155683029, 10.748086170697519, 33.550000000000004
6.997158602253669, 4.047523235776783, 10.750987575513527, 33.6
7.007672125711151, 4.053640828231355, 10.754366493555192, 33.65
7.0182992641046456, 4.059824690576403, 10.75725551270178, 33.7
7.028919267171923, 4.066004556662236, 10.76020310041188, 33.75
7.039599731209692, 4.072219767868083, 10.762868007502615, 33.800000000000004
7.050197808017841, 4.07838719350088, 10.76596430979196, 33.85
7.060774761805909, 4.084542491376745, 10.769176817609619, 33.9
7.07124676950281, 4.090636882273975, 10.772839695651607, 33.95
7.08170654419259, 4.096724320254026, 10.776568642614912, 34.0
7.092359322536845, 4.102924262780911, 10.779500046713098, 34.050000000000004
7.102922959128066, 4.109072508175782, 10.782856805944126, 34.1
7.11339738984026, 4.11516901906376, 10.786588026221303, 34.15
7.1239755030247665, 4.121326059576825, 10.789925057354838, 34.2
7.134675841465433, 4.127554417924062, 10.79271563253621, 34.25
7.1454635723164595, 4.133833822849602, 10.795040057399966, 34.300000000000004
7.156208596171645, 4.14008854391217, 10.797640048449058, 34.35
7.166939346926334, 4.146335124614521, 10.800341896480173, 34.4
7.177705941888452, 4.1526027366306675, 10.80287045637898, 34.45
7.188543360614069, 4.158911743675103, 10.80498437998821, 34.5
7.199420557700547, 4.165244074841409, 10.806838694898664, 34.550000000000004
7.21027072955209, 4.171560846001068, 10.808925426618048, 34.6
7.221064391988574, 4.177844899043743, 10.811400933760682, 34.65
7.231879453508599, 4.184141593014361, 10.813776028586195, 34.7
7.2426272326987755, 4.190399291004235, 10.816553168553694, 34.75
7.253447551612234, 4.196699397434589, 10.818949891113546, 34.800000000000004
7.264257689786375, 4.202993759785448, 10.8214317832894, 34.85
7.275125454139515, 4.209321864783317, 10.823577050723628, 34.9
7.28593861996308, 4.215618366735921, 10.826087822833047, 34.95
7.2967845713469, 4.221934142696282, 10.828426540877464, 35.0
7.3076812279108205, 4.228279628442774, 10.83045290393631, 35.050000000000004
7.318611262225601, 4.234644733100939, 10.832255373283424, 35.1
7.329567107761725, 4.241025056051945, 10.833870220479026, 35.15
7.340471007929408, 4.2473753181971, 10.835931786461432, 35.2
7.351306248952313, 4.253685773406405, 10.838455151447064, 35.25
7.36219378127624, 4.260026872198362, 10.84068226431243, 35.300000000000004
7.373070657277325, 4.266361944457724, 10.84300327743961, 35.35
7.384008505079351, 4.272732703794666, 10.84493365424118, 35.4
7.394963265988812, 4.279113486361362, 10.846763223648333, 35.45
7.405881472494493, 4.285473142361125, 10.848893296784915, 35.5
7.41683407248054, 4.291852987995015, 10.85080389639574, 35.550000000000004
7.4278141535391695, 4.2982490003339695, 10.852525836130434, 35.6
7.438783447512937, 4.30463889540003, 10.854370626741634, 35.65
7.44973425914106, 4.311018195237986, 10.856387715311486, 35.7
7.460662228825278, 4.3173843546893345, 10.858593126456023, 35.75
7.4716110158260705, 4.323762813638474, 10.860685178236778, 35.800000000000004
7.482572612508818, 4.330148906094176, 10.862715291585216, 35.85
7.493528894947889, 4.336532082999935, 10.864811171169102, 35.9
7.504498304856493, 4.342923086565132, 10.866841604716582, 35.95
7.515448528751188, 4.349303081155244, 10.869033754395078, 36.0
7.526326645607264, 4.355641221222589, 10.871686423479233, 36.050000000000004
7.537125228229883, 4.361933172860768, 10.874763461338937, 36.1
7.5478397803690696, 4.3681763175732575, 10.878228637067924, 36.15
7.55868567612434, 4.3744961495057755, 10.881114369625216, 36.2
7.56956739771368, 4.380837018851223, 10.883834414153629, 36.25
7.580491670023927, 4.3872028454443965, 10.886337955724414, 36.300000000000004
7.591434531540991, 4.393579667894093, 10.888754399304775, 36.35
7.60242920448733, 4.399986845349933, 10.890858504150101, 36.4
7.61348730718674, 4.406431145398497, 10.892490518218537, 36.45
7.624559986369264, 4.412884088512346, 10.894020153107462, 36.5
7.635675529037231, 4.4193621572917365, 10.895102913569627, 36.550000000000004
7.646809935120724, 4.425851363603314, 10.895945997874339, 36.6
7.657343631521548, 4.431990600734772, 10.896833572914762, 36.65
7.667884571561017, 4.43813418774403, 10.897659547791713, 36.7
7.678415983881769, 4.444272356899059, 10.898685418001584, 36.75
7.6889622805029525, 4.450419328489431, 10.89954166128429, 36.800000000000004
7.6995300043226225, 4.456578906416745, 10.900019058748354, 36.85
7.710100979315198, 4.462740493362174, 10.900505462233236, 36.9
7.720680276908108, 4.468907038149637, 10.900820713587862, 36.95
7.731260896028377, 4.475074452410583, 10.901215425043924, 37.0
7.741846923482039, 4.481245115378714, 10.901521347292212, 37.050000000000004
7.752438738398089, 4.487419240162178, 10.901374400344853, 37.1
7.763029108752459, 4.493592600926698, 10.900980365580336, 37.15
7.773626196792835, 4.499769949858619, 10.9007418453063, 37.2
7.78422006828106, 4.505945497421415, 10.900256481155006, 37.25
7.794822260922486, 4.512125973385002, 10.899967938286416, 37.300000000000004
7.805426624582921, 4.518307797624477, 10.899648798228512, 37.35
7.816035256938114, 4.524492182817164, 10.899413979025976, 37.4
7.826639948710059, 4.530674347635893, 10.898927955159362, 37.45
7.837242807247459, 4.536855518639541, 10.898330367049512, 37.5
7.847848537876367, 4.5430384351294295, 10.897739136084214, 37.550000000000004
7.858439495562993, 4.5492128022170055, 10.896818749146359, 37.6
7.869034464987335, 4.555389562744678, 10.89591734764733, 37.65
7.879617450150686, 4.561559392265712, 10.894806294210392, 37.7
7.890229011757862, 4.567745933968595, 10.89409872844095, 37.75
7.900824107157136, 4.573922918431628, 10.893077761345134, 37.800000000000004
7.911409052406254, 4.580094021411961, 10.891895193454644, 37.85
7.922009104451297, 4.586273972990864, 10.890877190811995, 37.9
7.932592725645999, 4.592444384495408, 10.889623481878546, 37.95
7.943145251430246, 4.598596715609901, 10.88803640023733, 38.0
7.953664098797517, 4.604729468515612, 10.886154587937162, 38.050000000000004
7.964118371053166, 4.61082463381983, 10.883824561246325, 38.1
7.974486154413302, 4.616869427590321, 10.881011018100986, 38.15
7.984807392819666, 4.622887132289128, 10.877964519373444, 38.2
7.995154548604768, 4.6289199947657655, 10.875025401690017, 38.25
8.005491202471026, 4.634946778909143, 10.872025165501674, 38.300000000000004
8.015778206300155, 4.640944651906502, 10.868793901300503, 38.35
8.026154803075027, 4.646994794160407, 10.865961147003054, 38.400000000000006
8.036612137147639, 4.653092037967783, 10.8635449656598, 38.45
8.047024675316536, 4.65916319707213, 10.860868437256215, 38.5
8.057389333429027, 4.665206476129486, 10.857940787577386, 38.550000000000004
8.067689295499294, 4.671212074274632, 10.854710554056714, 38.6
8.07802380471881, 4.677237856134867, 10.851620010691777, 38.650000000000006
8.088399134541993, 4.68328748744339, 10.848705306828965, 38.7
8.098819814557359, 4.689363616842406, 10.846001271584779, 38.75
8.109227230141189, 4.695432062678693, 10.843214399963678, 38.800000000000004
8.119686219976737, 4.7015306416179286, 10.840683623737377, 38.85
8.130184863930772, 4.707652409180497, 10.83836722249596, 38.900000000000006
8.140701364518407, 4.713784659224165, 10.836144635382599, 38.95
8.151168533712058, 4.719888210034549, 10.833614489710794, 39.0
8.16158760194367, 4.725963786795081, 10.830816920798645, 39.050000000000004
8.172080339187755, 4.732082388737394, 10.8283996192382, 39.1
8.182628909666413, 4.7382336207526645, 10.826313203288715, 39.150000000000006
8.193219519765027, 4.744409448309235, 10.82451093141584, 39.2
8.203823079980776, 4.75059291601733, 10.82278780982322, 39.25
8.214477700331067, 4.756806250117151, 10.821521642396142, 39.300000000000004
8.22509668101817, 4.762998897440957, 10.819877507569899, 39.35
8.235742595569038, 4.769207351462897, 10.818456432617428, 39.400000000000006
8.246426158504015, 4.775437864230474, 10.81744527218046, 39.45
8.257107123718189, 4.781666962868507, 10.816358155287581, 39.5
8.267760696660451, 4.787880178784429, 10.814924944825869, 39.550000000000004
8.278404933493908, 4.794088034565795, 10.813370707739614, 39.6
8.289014035468774, 4.8002754906844665, 10.811496758830366, 39.650000000000006
8.299613169006411, 4.80645722486889, 10.809524737377807, 39.7
8.310268034067947, 4.812671550367956, 10.807975264084568, 39.75
8.320944666854123, 4.8188986654816395, 10.80660535071774, 39.800000000000004
8.33157664271639, 4.825099819252641, 10.804803863780494, 39.85
8.342212326978952, 4.831303227840078, 10.803005168421976, 39.900000000000006
8.352850255578002, 4.837508042088085, 10.801197184920838, 39.95
8.3635108421056, 4.843726164450025, 10.799547144347859, 40.0
8.374209794057744, 4.8499667478229656, 10.798234880447806, 40.050000000000004
8.384941795914928, 4.856226681960708, 10.797298598723584, 40.1
8.395696815792824, 4.862500115515034, 10.79673079340046, 40.150000000000006
8.406461850001584, 4.868779466682093, 10.796352958662826, 40.2
8.417234351622199, 4.87506325549439, 10.796165976343193, 40.25
8.428011404252851, 4.881349773541391, 10.796239375155217, 40.300000000000004
8.438783690668929, 4.887633593078053, 10.796732737062099, 40.35
8.44956318322056, 4.893921692422378, 10.79710705629455, 40.400000000000006
8.460345535749235, 4.900211531112305, 10.797505216436383, 40.45
8.471130947317635, 4.90650322871185, 10.797921726038481, 40.5
8.481923782212563, 4.912799338178135, 10.798174654899807, 40.550000000000004
8.492719664700443, 4.9190973142214816, 10.79846800579006, 40.6
8.5035225182492, 4.92539945300614, 10.798451530678543, 40.650000000000006
8.514327042269162, 4.931702658443739, 10.798188557998868, 40.7
8.525118874983553, 4.937998562018162, 10.797442471381881, 40.75
8.535902507056349, 4.944289776435939, 10.796487762139197, 40.800000000000004
8.546650860242739, 4.950560500780111, 10.795056887486194, 40.85
8.55737444977035, 4.956816874224545, 10.793360877429844, 40.900000000000006
8.568108611948134, 4.963079508114285, 10.791722427711647, 40.95
8.578832381866969, 4.969336176343958, 10.78996242484201, 41.0
8.589607490476817, 4.975622893912976, 10.788645010856657, 41.050000000000004
8.600387558538658, 4.981912597399613, 10.78733898180967, 41.1
8.611153426146055, 4.988194116167621, 10.785844632429647, 41.150000000000006
8.621875386838138, 4.99445011090403, 10.78394205697457, 41.2
8.632652298881478, 5.000738268853029, 10.782474993830279, 41.25
8.643468107196174, 5.007049223451411, 10.78140902768894, 41.300000000000004
8.654291238834631, 5.013364560160638, 10.780394508994693, 41.35
8.665132864867655, 5.019690796642464, 10.779621337372609, 41.400000000000006
8.67599398110664, 5.026028513700051, 10.779247353079649, 41.45
8.686858667721, 5.032368413395786, 10.778866942793336, 41.5
8.69771965859649, 5.038706258154954, 10.778263219585797, 41.550000000000004
8.708572895327233, 5.045039686344241, 10.777425945392336, 41.6
8.719416613885594, 5.051367663162985, 10.776384710443107, 41.650000000000006
8.73025102412616, 5.057690313060464, 10.77517361043456, 41.7
8.741090640697946, 5.064016116170489, 10.773977923149527, 41.75
8.751965881617929, 5.070362833176231, 10.773265243739456, 41.800000000000004
8.762851400610348, 5.07671566489205, 10.772694019386181, 41.85
8.773749985948356, 5.083076229484285, 10.77244647819003, 41.900000000000006
8.78464850484211, 5.089436854766759, 10.772016172338907, 41.95
8.79555730209251, 5.0958035700713635, 10.771967535150388, 42.0
8.806470065146623, 5.10217269030677, 10.771939348005262, 42.050000000000004
8.817380561803285, 5.1085405730776134, 10.771520035824498, 42.1
8.828300843939799, 5.1149142530174165, 10.771545456909097, 42.150000000000006
8.839220528355682, 5.1212876612429, 10.771178151257354, 42.2
8.850148833135865, 5.127666180040166, 10.771178929767435, 42.25
8.86108104732448, 5.134047057661161, 10.77121473570779, 42.300000000000004
8.872017312666003, 5.140430376217454, 10.771238617659153, 42.35
8.882957786236549, 5.146816227104887, 10.77125222527944, 42.400000000000006
8.893902090329687, 5.153204399410037, 10.771342306115502, 42.45
8.904849480124867, 5.159594456077761, 10.771530126627557, 42.5
8.91580069506687, 5.165986823459919, 10.771721945521367, 42.550000000000004
8.926756989764362, 5.172382232421094, 10.771706977724127, 42.6
8.937715703189703, 5.178779129736331, 10.771919074925673, 42.650000000000006
8.948679315210109, 5.185178972691942, 10.772049286056356, 42.7
8.959646278731839, 5.191580863751021, 10.771868619780653, 42.75
8.970617491146108, 5.197985336254708, 10.772021646909385, 42.800000000000004
8.981590518398848, 5.204390962120067, 10.772313240389096, 42.85
8.992569731617696, 5.210800303051772, 10.772433733365379, 42.900000000000006
9.003549468697098, 5.21721005577345, 10.772766870138632, 42.95
9.014536890763685, 5.223624404761009, 10.772715177369964, 43.0
9.025520010307854, 5.230036358406039, 10.772218136830183, 43.050000000000004
9.0365103472247, 5.236452642661184, 10.77183332925712, 43.1
9.047496541252842, 5.242866631027759, 10.771215000214609, 43.150000000000006
9.058496956396235, 5.2492890368416525, 10.77094927920586, 43.2
9.069501222289423, 5.255713802032697, 10.77069026921906, 43.25
9.080510616167187, 5.2621416700112125, 10.770833242569323, 43.300000000000004
9.091520910086762, 5.26857016521597, 10.770511946758868, 43.35
9.102525513498605, 5.274995444090503, 10.769891066228373, 43.400000000000006
9.11354499055635, 5.281429504098609, 10.76965393908319, 43.45
9.124559611800557, 5.287860825754206, 10.769093476192602, 43.5
9.135561737182327, 5.294284958426865, 10.768202398799176, 43.550000000000004
9.146545048682396, 5.300698210163798, 10.76699497603117, 43.6
9.157548704990381, 5.307123441549428, 10.766011587840522, 43.650000000000006
9.168562700590368, 5.31355480498349, 10.765135353889757, 43.7
9.179566370255085, 5.319980236264193, 10.764048839270396, 43.75
9.190559377788317, 5.32639953595926, 10.762780776871926, 43.800000000000004
9.201533514866187, 5.332807920060643, 10.761270722894565, 43.85
9.212502006983296, 5.339213116038929, 10.759669758589714, 43.900000000000006
9.223498968846117, 5.345635056085427, 10.758311703975117, 43.95
9.234495455241396, 5.352056845108822, 10.756905272198873, 44.0
9.245526943846308, 5.358499205365617, 10.755875000535605, 44.050000000000004
9.256576443044093, 5.364952210462376, 10.755075025207185, 44.1
9.26764662413072, 5.371417413553283, 10.754704096591535, 44.150000000000006
9.27872431846175, 5.377887120998947, 10.754548588300223, 44.2
9.289803793451803, 5.38435797826052, 10.754263165802355, 44.25
9.300888777526712, 5.390832173117626, 10.75408423912118, 44.300000000000004
9.3119764925657, 5.397308088957998, 10.754334352822294, 44.35
9.323069904063006, 5.4037874684065255, 10.754401915449817, 44.400000000000006
9.334165142943855, 5.410268047896341, 10.754147245560208, 44.45
9.345258608521114, 5.41674773010896, 10.753663282018794, 44.5
9.35635885905728, 5.42323150707, 10.753275132078869, 44.550000000000004
9.367467881881659, 5.4297205453514445, 10.753341461497365, 44.6
9.378573453200952, 5.436207710190971, 10.753807342081773, 44.650000000000006
9.389685126757577, 5.442698581152591, 10.75418126227939, 44.7
9.400802004608504, 5.449192642057612, 10.75446929628005, 44.75
9.41190888658139, 5.45568100333569, 10.755165575858987, 44.800000000000004
9.423017424238413, 5.462170469459703, 10.755896083255152, 44.85
9.43411354587583, 5.468652825459028, 10.756896541743037, 44.900000000000006
9.445182961797736, 5.4751197329685874, 10.758273064417882, 44.95
9.45628363886509, 5.481605065799437, 10.759308172511183, 45.0
9.467346543414315, 5.488068487438863, 10.760824430825197, 45.050000000000004
9.47841231936067, 5.494533752037733, 10.762348954272941, 45.1
9.48947336211325, 5.500996412099205, 10.763955516090666, 45.150000000000006
9.500502740580018, 5.507440726909232, 10.765861561155372, 45.2
9.510946278987438, 5.513542886430996, 10.76763894862236, 45.25
9.52142893751704, 5.519668055197241, 10.769111778115944, 45.300000000000004
9.531904862918319, 5.525789446800293, 10.770681362564057, 45.35
9.542337264806193, 5.531885562096592, 10.772627052825653, 45.400000000000006
9.55279280469958, 5.537995349268669, 10.774425738597124, 45.45
9.563294807732655, 5.544132431510578, 10.775847327491892, 45.5
9.573798386644436, 5.550270576663282, 10.777283973011354, 45.550000000000004
9.584305424035168, 5.556410886185011, 10.778716984854498, 45.6
9.594825582812934, 5.56255901230808, 10.780048959977126, 45.650000000000006
9.605318918392824, 5.568691620069266, 10.781669402353158, 45.7
9.6157853959588, 5.574808689923205, 10.783533225072535, 45.75
9.62620747421396, 5.580899970322494, 10.785726846961227, 45.800000000000004
9.63664946729307, 5.587003043566981, 10.787812469081377, 45.85
9.647097911621525, 5.5931100362367765, 10.789878643316895, 45.900000000000006
9.657543211051827, 5.59921532969771, 10.791990536929754, 45.95
9.667973632260486, 5.605312066447135, 10.794221001514643, 46.0
9.678341311021542, 5.6113722586402295, 10.79683269457053, 46.050000000000004
9.688637261007484, 5.6173906610105915, 10.79981601605474, 46.1
9.699024766169938, 5.62346271926938, 10.802355872252955, 46.150000000000006
9.709453266730277, 5.629558875457377, 10.80468004048991, 46.2
9.71994877374311, 5.635694331231504, 10.806582827933905, 46.25
9.730498377150544, 5.6418615442321824, 10.808065205398693, 46.300000000000004
9.741062321989748, 5.6480372691410965, 10.809442445863258, 46.35
9.751605885893182, 5.654201201477976, 10.811048539170292, 46.400000000000006
9.762094869840984, 5.660333347404386, 10.813104301390048, 46.45
9.772557946155851, 5.666450464268191, 10.815354436259124, 46.5
9.783092881487223, 5.672609718624436, 10.817128169813722, 46.550000000000004
9.793668999451794, 5.678793171399938, 10.818571351544918, 46.6
9.804283236659337, 5.684999035218665, 10.819622677967104, 46.650000000000006
9.814904367290325, 5.691209056840842, 10.820631246786395, 46.7
9.82553970583682, 5.697427516073233, 10.821482854625682, 46.75
9.836179735457435, 5.703648848256897, 10.822325112585386, 46.800000000000004
9.846842143957483, 5.709883388851745, 10.822755487574494, 46.85
9.857496360869042, 5.716113272770171, 10.823486106352176, 46.900000000000006
9.868170788037702, 5.722355105622056, 10.823748491603585, 46.95
9.878840086052287, 5.728594069238968, 10.824321540240492, 47.0
9.889513207838602, 5.734835404859315, 10.824897692436249, 47.050000000000004
9.900197478924255, 5.741083389406188, 10.825255844148435, 47.1
9.91089024180281, 5.747336468405255, 10.825249744404246, 47.150000000000006
9.921583129523656, 5.753589751666714, 10.82490723627072, 47.2
9.932283811829931, 5.759847725253362, 10.825001057867158, 47.25
9.942986788998235, 5.76610716791491, 10.824762356947366, 47.300000000000004
9.953694799693718, 5.772369686839974, 10.824915675231374, 47.35
9.964404212214884, 5.778633167743719, 10.825230034190083, 47.400000000000006
9.975114942029752, 5.784897562127913, 10.825648415204187, 47.45
9.98583094335368, 5.791165191005366, 10.826018015301079, 47.5
9.996555016594714, 5.79743770218074, 10.826130083408545, 47.550000000000004
10.007282300452518, 5.80371224804659, 10.826304707885493, 47.6
10.018013182631027, 5.809989054033113, 10.826102616870594, 47.650000000000006
10.028749451573535, 5.8162691717486075, 10.826162282108978, 47.7
10.039485032587061, 5.822549056785138, 10.825786280050446, 47.75
10.050229058436566, 5.828834048932677, 10.825679013267596, 47.800000000000004
10.060977327077751, 5.835121691491399, 10.825679112139829, 47.85
10.07172348759172, 5.8414082682749555, 10.825263945771677, 47.900000000000006
10.082476288904052, 5.847698897522654, 10.824955834935515, 47.95
10.093231701791607, 5.853991218251075, 10.824597578492822, 48.0
10.103994827925117, 5.860288220107514, 10.824474418087805, 48.050000000000004
10.114758355650462, 5.866585628947682, 10.824807784048865, 48.1
10.12552046033398, 5.872882371689461, 10.825319200311242, 48.150000000000006
10.136294430353281, 5.87918622752224, 10.825497540459455, 48.2
10.147073022811798, 5.88549295942758, 10.825389466181639, 48.25
10.157853560523382, 5.891800993119445, 10.825652330618906, 48.300000000000004
10.1686398310087, 5.8981125464003705, 10.825541144664326, 48.35
10.17943004601443, 5.90442657318963, 10.825503493093725, 48.400000000000006
10.190224027946353, 5.910742972057665, 10.825470709000122, 48.45
10.201021512156407, 5.9170615785921, 10.825396878642229, 48.5
10.211820041867679, 5.923380962518448, 10.825106799283708, 48.550000000000004
10.222624732475994, 5.929704114135526, 10.825206008976178, 48.6
10.23343310201252, 5.936029572401282, 10.825103396474056, 48.650000000000006
10.24423900168926, 5.94235373572301, 10.82467240878061, 48.7
10.255052188232526, 5.948682309872261, 10.824403135619631, 48.75
10.265854027642783, 5.955004387802262, 10.823695205285114, 48.800000000000004
10.27667322211993, 5.961336758506457, 10.8233929358318, 48.85
10.287490238033337, 5.967667985353604, 10.822895371348203, 48.900000000000006
10.298317353272406, 5.974005263740278, 10.822684313075582, 48.95
10.3091385067804, 5.980339186163191, 10.822123481015414, 49.0
10.319949007325032, 5.986667008798384, 10.821275231665918, 49.050000000000004
10.330771517032414, 5.993001999257935, 10.820596941170333, 49.1
10.34160191922685, 5.999341757660665, 10.820031733120317, 49.150000000000006
10.352434992815903, 6.005683220650913, 10.819455223405914, 49.2
10.363249134101146, 6.012013741028502, 10.818471106996654, 49.25
10.374084522643113, 6.0183568360545685, 10.81781431875292, 49.300000000000004
10.384936291384053, 6.024709666429678, 10.817637951442023, 49.35
10.395791749738635, 6.0310648094904815, 10.817680820470661, 49.400000000000006
10.406641188282972, 6.037416591326674, 10.818191144104517, 49.45
10.417493318381991, 6.043770111163047, 10.818708063889195, 49.5
10.42834913790104, 6.050125944597955, 10.819207414679658, 49.550000000000004
10.439214807839525, 6.056487697000144, 10.81942144629156, 49.6
10.450078462823443, 6.062848426688769, 10.81986196637836, 49.650000000000006
10.460940773241878, 6.069208520197848, 10.820433579327144, 49.7
10.471815252038953, 6.075575889909086, 10.820699570983617, 49.75
10.482689367206449, 6.081943196996009, 10.821118450031223, 49.800000000000004
10.493565374946835, 6.088311756268671, 10.821578365222894, 49.85
10.504438350403833, 6.094678688140633, 10.822200122942462, 49.900000000000006
10.51531679383191, 6.101048973380449, 10.822758589280598, 49.95
10.526208300137029, 6.107427065762299, 10.822863885273208, 50.0
10.537100840961088, 6.113805914335131, 10.823117148325402, 50.050000000000004
10.547996908257147, 6.120186974295565, 10.822909939656498, 50.1
10.558895577556685, 6.126569712806396, 10.8226901102955, 50.150000000000006
10.569796288811185, 6.132953793010815, 10.82242994799862, 50.2
10.580684879934447, 6.139330928478034, 10.821724426424712, 50.25
10.591553677240043, 6.145696622921439, 10.820649439407443, 50.300000000000004
10.602451943213403, 6.152079738864757, 10.820036157262905, 50.35
10.613342805148527, 6.1584586738502916, 10.819217587701019, 50.400000000000006
10.624204064941082, 6.16482041538046, 10.817948529940677, 50.45
10.635095825245722, 6.171200177584899, 10.817055055150258, 50.5
10.645997608719911, 6.17758596603157, 10.816290663831026, 50.550000000000004
10.656876601235833, 6.18395855061478, 10.815138004044698, 50.6
10.667784254472235, 6.190348080199971, 10.814387375042376, 50.650000000000006
10.678685707953381, 6.19673413523405, 10.81348042259299, 50.7
10.689604624337354, 6.203130578128294, 10.812856948986397, 50.75
10.700528619664892, 6.2095301580194295, 10.812290065377498, 50.800000000000004
10.71146553850869, 6.215937477908349, 10.8121333584642, 50.85
10.722401896195802, 6.222344641225745, 10.811778395413326, 50.900000000000006
10.733342629064612, 6.228754540897559, 10.811492764434087, 50.95
10.744273187264405, 6.235158661481987, 10.810807823471496, 51.0
10.75518478048367, 6.241551857888616, 10.809750110509835, 51.050000000000004
10.766125439247698, 6.247962263563552, 10.809148688120555, 51.1
10.777076837989961, 6.254379136730276, 10.808765189154695, 51.150000000000006
10.788016258453336, 6.260789171951412, 10.807992041905333, 51.2
10.798946575600471, 6.267194051396509, 10.807010350310954, 51.25
10.809871168642365, 6.273595762438489, 10.805900976475032, 51.300000000000004
10.820814229837868, 6.280008475386773, 10.805012102960154, 51.35
10.831781532844609, 6.286435565949828, 10.804587510551494, 51.400000000000006
10.842731008155303, 6.292852374757144, 10.803688813315675, 51.45
10.853649854349188, 6.299251389334334, 10.802343523560953, 51.5
10.864608500110952, 6.305673886215416, 10.801482853007974, 51.550000000000004
10.875580904626313, 6.312104605802919, 10.80081876396309, 51.6
10.88655125037003, 6.318534283976085, 10.800041278821222, 51.650000000000006
10.897520257707038, 6.324963340564997, 10.79917773143765, 51.7
10.908456348450475, 6.3313732581427296, 10.79783162099293, 51.75
10.919428845969195, 6.337804678956404, 10.796913226899866, 51.800000000000004
10.930412506604869, 6.344242802185905, 10.796123994245388, 51.85
10.941411993257375, 6.35069035111964, 10.795610413462741, 51.900000000000006
10.952423599252214, 6.357145158553934, 10.795473102814514, 51.95
10.963431246307298, 6.363597790217091, 10.794967445459449, 52.0
10.974450331683814, 6.370057267979473, 10.794789466762662, 52.050000000000004
10.98547449403309, 6.376519856102468, 10.79483495897491, 52.1
10.9965022925385, 6.382984719600946, 10.794939208519994, 52.150000000000006
11.007530933055287, 6.389450210568222, 10.795258403324862, 52.2
11.018549967822686, 6.395910206263685, 10.795968651674244, 52.25
11.029576587494917, 6.402374781856947, 10.796600868651788, 52.300000000000004
11.04059962972892, 6.40883739658659, 10.797390527207401, 52.35
11.051641713380521, 6.4153113100095425, 10.797807906764051, 52.400000000000006
11.062687454942509, 6.421787495743699, 10.798237687853955, 52.45
11.073729340573594, 6.428261544125358, 10.798883158853224, 52.5
11.08476472162713, 6.434731892069877, 10.799732706016535, 52.550000000000004
11.095801603979112, 6.441203233274701, 10.800622867144574, 52.6
11.106823060494666, 6.4476656374561, 10.801789567550806, 52.650000000000006
11.117856032439418, 6.454134908258799, 10.802851595943865, 52.7
11.128868173430321, 6.460592071336539, 10.804214541851493, 52.75
11.139870500535324, 6.467043581604452, 10.805716643842185, 52.800000000000004
11.15082855857921, 6.473469237346621, 10.807634281723383, 52.85
11.161738388501107, 6.479866724307054, 10.809917003006497, 52.900000000000006
11.172568946775744, 6.48621784305304, 10.81268060334839, 52.95
11.183360889571185, 6.4925464280058875, 10.815658175270537, 53.0
11.194188938958998, 6.498896288116945, 10.818473498971255, 53.050000000000004
11.204981384751694, 6.505225365821976, 10.821484472825885, 53.1
11.215828305077475, 6.5115864852857905, 10.824237910063935, 53.150000000000006
11.2267250894754, 6.517976942762356, 10.826733511418647, 53.2
11.237658353549497, 6.524388890840678, 10.829026289238467, 53.25
11.248535024140539, 6.5307677488123685, 10.831673994966696, 53.300000000000004
11.259453393760136, 6.537171166913482, 10.834098468440875, 53.35
11.27037681832761, 6.543577663377574, 10.836511311633906, 53.400000000000006
11.281273766157533, 6.549968738024832, 10.839098768561195, 53.45
11.292209345255808, 6.556382576825449, 10.841477746401422, 53.5
11.303218010171266, 6.5628393952385835, 10.84337587419068, 53.550000000000004
11.314233578369155, 6.569300387378326, 10.845244881168506, 53.6
11.325285956769179, 6.575783095923748, 10.846823575264148, 53.650000000000006
11.336284192912297, 6.5822341757421, 10.848870067462114, 53.7
11.346659114670295, 6.588319764684353, 10.851043266635022, 53.75
11.357098354166352, 6.594443203626939, 10.852775396397211, 53.800000000000004
11.367528495475236, 6.600561428333513, 10.854599785553503, 53.85
11.377933505649107, 6.606665037213837, 10.856625906450939, 53.900000000000006
11.38832310993138, 6.61275974026065, 10.858772729188223, 53.95
11.398771003512627, 6.618888776743162, 10.860518671551551, 54.0
11.409268495325524, 6.625047049234329, 10.861831817111026, 54.050000000000004
11.41977053822631, 6.631208140492076, 10.863125008370497, 54.1
11.430269683016483, 6.637367687029411, 10.86447655708923, 54.150000000000006
11.440735486049169, 6.643507828987872, 10.866161784013809, 54.2
11.451237853869985, 6.649669572115921, 10.867532751261624, 54.25
11.461748492657422, 6.655836309268834, 10.868843801294892, 54.300000000000004
11.47229181310825, 6.662022364725621, 10.869772874788334, 54.35
11.482812578608396, 6.66819532366756, 10.87102759885594, 54.400000000000006
11.49328690113357, 6.674341167607482, 10.872746714413848, 54.45
11.503731235059407, 6.6804695433292, 10.874715022038549, 54.5
11.514158102932427, 6.686587801951734, 10.876822350861932, 54.550000000000004
11.524530497933716, 6.692674218970212, 10.879278949966077, 54.6
11.534901714598433, 6.698760058236845, 10.881756286305212, 54.650000000000006
11.54524867536039, 6.704831786629099, 10.884379587691388, 54.7
11.555521634673243, 6.710860210904431, 10.887380561395503, 54.75
11.565829517519022, 6.716909253391669, 10.89022868101234, 54.800000000000004
11.57612157245317, 6.722949129008678, 10.89316461921756, 54.85
11.586456009825028, 6.729013991919421, 10.895906019229455, 54.900000000000006
11.596740076051047, 6.735049404774992, 10.898903700564151, 54.95
11.607070841290458, 6.741112332261934, 10.901691205940525, 55.0
11.617406260320873, 6.747178106669894, 10.904469136718465, 55.050000000000004
11.627656992466935, 6.753194291029763, 10.907652440826743, 55.1
11.638009696646789, 6.759270429450588, 10.910370196409275, 55.150000000000006
11.648434062527063, 6.765388738012007, 10.912707334118743, 55.2
11.658867776525303, 6.77151265104413, 10.915003379678478, 55.25
11.669352954328021, 6.777666881238316, 10.91697753959628, 55.300000000000004
11.67981357003198, 6.783806813963328, 10.919136744161982, 55.35
11.690214630340838, 6.78991191385239, 10.92166800930415, 55.400000000000006
11.700603607333015, 6.796010034941073, 10.924280046507608, 55.45
11.710951345249459, 6.802084066041097, 10.927118083263279, 55.5
11.721217951998808, 6.808110582741768, 10.930340429615399, 55.550000000000004
11.731575114631543, 6.814190372790112, 10.933161264032123, 55.6
11.741859731653722, 6.820227701307865, 10.936332883049381, 55.650000000000006
11.75205550612628, 6.826213005774575, 10.93988120139419, 55.7
11.762342504018163, 6.832251988513194, 10.943068411792284, 55.75
11.772558069071131, 6.838249161054374, 10.946562483907824, 55.800000000000004
11.782912234972068, 6.844327826921085, 10.949469607132333, 55.85
11.793217691398468, 6.85037801819809, 10.95261268677355, 55.900000000000006
11.803597407939625, 6.856471935512292, 10.95542028181191, 55.95
11.814062451186539, 6.862616070314143, 10.957777840622215, 56.0
11.824464926709537, 6.868723597220837, 10.96049423798079, 56.050000000000004
11.834789786508527, 6.874785682029633, 10.963594357549795, 56.1
11.845041397022207, 6.880804891248107, 10.967015385362846, 56.150000000000006
11.855413906006994, 6.886895213105377, 10.969916276972954, 56.2
11.865711008259233, 6.8929413759410725, 10.973169124765144, 56.25
11.87597842634668, 6.898970233856176, 10.976556605962829, 56.300000000000004
11.886352419190823, 6.905061787921197, 10.979486474897016, 56.35
11.896760436748348, 6.911173438594699, 10.982262351816782, 56.400000000000006
11.907190977678344, 6.9172984352076625, 10.9849365661371, 56.45
11.917692455899036, 6.92346521041374, 10.987224342080703, 56.5
11.928123343363284, 6.92959066014386, 10.989925615764387, 56.550000000000004
11.938618801854076, 6.9357541646771335, 10.99228202961683, 56.6
11.94904154232751, 6.941875093890242, 10.995051702200326, 56.650000000000006
11.959418272722363, 6.947969122282702, 10.998056064316929, 56.7
11.969687680538282, 6.954000242282321, 11.00153108523906, 56.75
11.979910419863655, 6.960004068902333, 11.005196428956202, 56.800000000000004
11.990119431716378, 6.965999955132361, 11.00892220886366, 56.85
12.000518308922102, 6.972107471626152, 11.011870719296825, 56.900000000000006
12.010887070776155, 6.978197423282352, 11.014971578971606, 56.95
12.021285614585514, 6.984304996260661, 11.01794917236658, 57.0
12.031672879742308, 6.9904060742987015, 11.020992848570955, 57.050000000000004
12.042014744651846, 6.996480618737238, 11.024250371296725, 57.1
12.05241545734208, 7.0025898591895395, 11.027257899187864, 57.150000000000006
12.062834906681562, 7.008710232638058, 11.030190335102272, 57.2
12.073342283496933, 7.014882381722229, 11.032679717890788, 57.25
12.083910634553064, 7.021090467785363, 11.034811279751167, 57.300000000000004
12.094539896665522, 7.027334449400188, 11.036508120826015, 57.35
12.105204156637388, 7.033599103880559, 11.037904829531778, 57.400000000000006
12.115880053733704, 7.039870706929039, 11.039206367394119, 57.45
12.126555773504549, 7.0461423119292, 11.040540862833945, 57.5
12.137252338059545, 7.052426274968316, 11.041665786850245, 57.550000000000004
12.147975417834159, 7.058725933452303, 11.042427929806893, 57.6
12.158697307628579, 7.065025019479304, 11.04326033887778, 57.650000000000006
12.16942386317874, 7.071326965945459, 11.044057274958293, 57.7
12.180139883457603, 7.077622849263952, 11.045064107603897, 57.75
12.190834910197964, 7.083906533204451, 11.046366147548168, 57.800000000000004
12.201563806273244, 7.090210253541784, 11.047256683849513, 57.85
12.212270347823067, 7.096500981617202, 11.048486290377268, 57.900000000000006
12.22300385784099, 7.102807689479516, 11.04938665810249, 57.95
12.23373890703774, 7.109115442639828, 11.050305970787957, 58.0
12.244493782854537, 7.115434993971359, 11.050894685966533, 58.050000000000004
12.255254006335942, 7.121757846368579, 11.051408563173654, 58.1
12.266017639406847, 7.1280828549838935, 11.051894222926204, 58.150000000000006
12.276765346465833, 7.1343986606331375, 11.052771431160506, 58.2
12.287516845667021, 7.140716851495315, 11.053630788941625, 58.25
12.298247195467713, 7.147022771687255, 11.054825291003203, 58.300000000000004
12.308951976901321, 7.153313822809472, 11.056322244008951, 58.35
12.31969214568373, 7.159625826985029, 11.057462823225706, 58.400000000000006
12.330417262767014, 7.165929150553456, 11.058811556028523, 58.45
12.34115091143865, 7.172237648742573, 11.060099890325407, 58.5
12.351872502598173, 7.178539218788016, 11.061546250614693, 58.550000000000004
12.362599607117257, 7.184844190076063, 11.062965991670852, 58.6
12.373363368558657, 7.1911708584342255, 11.063986666687931, 58.650000000000006
12.384112941844794, 7.1974893316443005, 11.065227993540695, 58.7
12.394828161414834, 7.203787754694431, 11.066846637139887, 58.75
12.405525521974651, 7.210075813592399, 11.068641963878402, 58.800000000000004
12.416230444368395, 7.216368448048831, 11.07040263535779, 58.85
12.426882198676402, 7.222629963921703, 11.072575103262452, 58.900000000000006
12.437565854014707, 7.228910374876853, 11.074549189654586, 58.95
12.448263634187635, 7.235199241288143, 11.076441261578195, 59.0
12.458976406723103, 7.241497074164018, 11.078241521969282, 59.050000000000004
12.469669884594518, 7.2477837181991775, 11.080213071338692, 59.1
12.480294680562523, 7.2540301452543465, 11.082650837212125, 59.150000000000006
12.490880808869147, 7.260254005144442, 11.085320832718182, 59.2
12.5014923395806, 7.266492974113591, 11.08786814356979, 59.25
12.512077256081342, 7.272716462059547, 11.090576919591205, 59.300000000000004
12.522584258379453, 7.2788942991643735, 11.093682272449525, 59.35
12.532984352182446, 7.285009439492622, 11.097252217579133, 59.400000000000006
12.543425230109936, 7.2911487323285815, 11.10067193759584, 59.45
12.553943805065074, 7.297333882952428, 11.103768863649046, 59.5
12.564510533121295, 7.303547512436648, 11.106651947623561, 59.550000000000004
12.57501347921389, 7.309723806556612, 11.109847553630857, 59.6
12.585402890441832, 7.315833513178482, 11.113520472319383, 59.650000000000006
12.59592705461556, 7.322022652115352, 11.116647358839765, 59.7
12.606392765533739, 7.328177594894355, 11.120040090585695, 59.75
12.616961302634344, 7.334393184153069, 11.122986610948587, 59.800000000000004
12.62743178097207, 7.340551277945744, 11.126384615191277, 59.85
12.638004224360047, 7.3467695277123735, 11.129341958067897, 59.900000000000006
12.648504268162135, 7.352945383716914, 11.132640614949123, 59.95
